{
    "A":[
        [
            0.9882779860862083,
            0.0,
            0.0,
            0.0,
            0.0,
            0.0,
            0.0,
            0.0,
            0.0,
            0.01172201391379176
        ],
        [
            0.10145534307815833,
            0.8985446569218417,
            0.0,
            0.0,
            0.0,
            0.0,
            0.0,
            0.0,
            0.0,
            0.0
        ],
        [
            0.0,
            0.9999999999997339,
            2.6608791371402405e-13,
            0.0,
            0.0,
            0.0,
            0.0,
            0.0,
            0.0,
            0.0
        ],
        [
            0.0,
            0.0,
            0.20611354665452988,
            0.79388645334547,
            0.0,
            0.0,
            0.0,
            0.0,
            0.0,
            0.0
        ],
        [
            0.0,
            0.0,
            0.0,
            0.06079671704904909,
            0.9392032829509509,
            0.0,
            0.0,
            0.0,
            0.0,
            0.0
        ],
        [
            0.0,
            0.0,
            0.0,
            0.0,
            0.12100615994257023,
            0.8789938400574299,
            0.0,
            0.0,
            0.0,
            0.0
        ],
        [
            0.0,
            0.0,
            0.0,
            0.0,
            0.0,
            0.09613194324440387,
            0.9038680567555961,
            0.0,
            0.0,
            0.0
        ],
        [
            0.0,
            0.0,
            0.0,
            0.0,
            0.0,
            0.0,
            0.059336543018809085,
            0.9406634569811909,
            0.0,
            0.0
        ],
        [
            0.0,
            0.0,
            0.0,
            0.0,
            0.0,
            0.0,
            0.0,
            0.05720265942946794,
            0.942797340570532,
            0.0
        ],
        [
            0.0,
            0.0,
            0.0,
            0.0,
            0.0,
            0.0,
            0.0,
            0.0,
            0.04675097725511179,
            0.9532490227448881
        ]
    ],
    "B":[
        [
            9.999995000002513e-09,
            0.003555601764238993,
            0.14750515230309383,
            9.999995000002513e-09,
            0.5575724688447654,
            9.999995000002513e-09,
            9.999995000002513e-09,
            9.999995000002513e-09,
            0.0035289021807976373,
            9.999995000002513e-09,
            0.24193235637262972,
            9.999995000002513e-09,
            9.999995000002513e-09,
            9.999995000002513e-09,
            1.7445777712209162e-08,
            0.00033507148067357163,
            9.999995000002513e-09,
            9.999995000002513e-09,
            9.999995000002513e-09,
            0.009543475529095223,
            9.999995000002513e-09,
            9.999995000002513e-09,
            9.999995000002513e-09,
            9.999995000002513e-09,
            9.999995000002513e-09,
            9.999995000002513e-09,
            9.999995000002513e-09,
            9.999995000002513e-09,
            9.999995000002513e-09,
            9.999995000002695e-09,
            9.999995000002513e-09,
            9.999995000002513e-09,
            9.999995000002513e-09,
            0.001349723063789669,
            0.00200916063770031,
            9.999995000002513e-09,
            9.999995000002513e-09,
            9.999995000002513e-09,
            9.999995000002513e-09,
            2.3802981041145915e-08,
            9.999995000002513e-09,
            9.999995000002513e-09,
            9.999995000002513e-09,
            9.999995000002513e-09,
            9.999995000002513e-09,
            0.002865265422931589,
            0.02963498190614833,
            0.00016743921980377584,
            1.0025747797218498e-08,
            9.999995000002513e-09
        ],
        [
            9.999995000002482e-09,
            0.33457456000016134,
            1.3016223785308234e-08,
            9.999995000002482e-09,
            0.0053181412339914835,
            9.999995000002482e-09,
            9.999996304162643e-09,
            9.999995000002482e-09,
            0.003883711617570287,
            9.999995000002482e-09,
            9.999995000002482e-09,
            9.999995000002482e-09,
            9.999995000002482e-09,
            9.999995000002482e-09,
            9.99999586282913e-09,
            9.999995000002482e-09,
            9.999995000002482e-09,
            9.999995000002482e-09,
            9.999995000002482e-09,
            9.999995000002482e-09,
            9.999995000002482e-09,
            9.999995000002482e-09,
            9.999995000002482e-09,
            9.999995000002482e-09,
            9.999995000002482e-09,
            9.999995000002482e-09,
            9.999995000002482e-09,
            9.999995000002482e-09,
            1.0529390994554804e-08,
            9.999995674776627e-09,
            9.999995000002482e-09,
            9.999995000002482e-09,
            9.999995000002482e-09,
            0.6301575801351236,
            9.999995000002482e-09,
            9.999995000002482e-09,
            9.999995000002482e-09,
            9.999995000038241e-09,
            9.999995000002482e-09,
            9.99999998214055e-09,
            9.999995000002482e-09,
            9.999995000002482e-09,
            9.999995000002483e-09,
            9.999995000002482e-09,
            9.999995000002482e-09,
            0.026065553390865224,
            9.999995000002482e-09,
            9.999995000002482e-09,
            1.007687533060291e-08,
            9.999995000002482e-09
        ],
        [
            9.999995000002502e-09,
            0.2999998349227496,
            9.999995000002502e-09,
            9.999995000002502e-09,
            0.044148102580861014,
            9.999995000002502e-09,
            3.3580907226790254e-08,
            9.999995000002502e-09,
            0.06437935974249931,
            9.999995000002502e-09,
            9.999995000002502e-09,
            9.999995000002502e-09,
            9.999995000002502e-09,
            9.999995000002502e-09,
            9.999995000002502e-09,
            9.999995000002502e-09,
            9.999995000002502e-09,
            9.999995000002502e-09,
            9.999995000002502e-09,
            9.999995000002502e-09,
            9.999995000002502e-09,
            9.999995000002561e-09,
            9.999995000002502e-09,
            9.999995000002502e-09,
            9.999995000002502e-09,
            9.999995000002502e-09,
            9.999995000002502e-09,
            9.999995000002502e-09,
            0.013007631850295392,
            3.4431776533349524e-08,
            9.999995000002502e-09,
            9.999995000002502e-09,
            9.999995000002502e-09,
            0.3356075765303345,
            9.999995000002502e-09,
            9.999995000002502e-09,
            9.999995000002502e-09,
            1.0000268068330726e-08,
            9.999995000002502e-09,
            1.0024014117756387e-08,
            9.999995000002502e-09,
            9.999995000002502e-09,
            9.999996063482663e-09,
            9.999995000002502e-09,
            9.999995000002502e-09,
            0.24285700620083747,
            9.999995000002502e-09,
            9.999995000002502e-09,
            1.0135650718629175e-08,
            9.999995000002502e-09
        ],
        [
            9.99999500000249e-09,
            0.07293055668110164,
            9.99999500000249e-09,
            9.99999500000249e-09,
            0.008957435580060775,
            9.99999500000249e-09,
            0.020762785299047203,
            9.99999500000249e-09,
            0.03533444814361201,
            9.99999500000249e-09,
            9.99999500000249e-09,
            9.99999500000249e-09,
            9.99999500000249e-09,
