{
    "A":[
        [
            0.9869067298683981,
            0.0,
            0.0,
            0.0,
            0.0,
            0.0,
            0.0,
            0.0,
            0.0,
            0.013093270131601902
        ],
        [
            0.05535165051963779,
            0.9446483494803621,
            0.0,
            0.0,
            0.0,
            0.0,
            0.0,
            0.0,
            0.0,
            0.0
        ],
        [
            0.0,
            0.061102721233296325,
            0.9388972787667037,
            0.0,
            0.0,
            0.0,
            0.0,
            0.0,
            0.0,
            0.0
        ],
        [
            0.0,
            0.0,
            0.09741963950662635,
            0.9025803604933736,
            0.0,
            0.0,
            0.0,
            0.0,
            0.0,
            0.0
        ],
        [
            0.0,
            0.0,
            0.0,
            0.2848164022338432,
            0.7151835977661569,
            0.0,
            0.0,
            0.0,
            0.0,
            0.0
        ],
        [
            0.0,
            0.0,
            0.0,
            0.0,
            0.03854868991636516,
            0.9614513100836348,
            0.0,
            0.0,
            0.0,
            0.0
        ],
        [
            0.0,
            0.0,
            0.0,
            0.0,
            0.0,
            0.03135402903849635,
            0.9686459709615036,
            0.0,
            0.0,
            0.0
        ],
        [
            0.0,
            0.0,
            0.0,
            0.0,
            0.0,
            0.0,
            0.02449613985716938,
            0.9755038601428306,
            0.0,
            0.0
        ],
        [
            0.0,
            0.0,
            0.0,
            0.0,
            0.0,
            0.0,
            0.0,
            0.027153235791095187,
            0.9728467642089048,
            0.0
        ],
        [
            0.0,
            0.0,
            0.0,
            0.0,
            0.0,
            0.0,
            0.0,
            0.0,
            0.024445494066047953,
            0.975554505933952
        ]
    ],
    "B":[
        [
            9.99999500000251e-09,
            9.99999500000251e-09,
            9.99999500000251e-09,
            1.0164688907742692e-08,
            9.99999500000251e-09,
            9.99999500000251e-09,
            9.99999500000251e-09,
            6.434386653310364e-08,
            0.00027702988302845806,
            9.99999500000251e-09,
            9.99999500000251e-09,
            9.99999500000251e-09,
            9.99999500000251e-09,
            0.6039267926576203,
            9.99999500000251e-09,
            9.99999500000251e-09,
            9.99999500000251e-09,
            9.99999500000251e-09,
            9.99999500000251e-09,
            9.99999500000251e-09,
            9.99999500000251e-09,
            9.99999500000251e-09,
            0.3927979172230369,
            9.99999500000251e-09,
            9.99999500000251e-09,
            9.99999500000251e-09,
            9.99999500000251e-09,
            9.99999500000251e-09,
            9.99999500000251e-09,
            9.99999500000251e-09,
            9.99999500000251e-09,
            9.99999500000251e-09,
            0.0019094442728031426,
            9.99999500000251e-09,
            1.0124728745691683e-08,
            9.99999500000251e-09,
            9.99999500000251e-09,
            0.000542833650874559,
            9.99999500000251e-09,
            9.99999500000251e-09,
            9.99999500000251e-09,
            9.99999500000251e-09,
            0.00027242571427391304,
            9.99999500000251e-09,
            0.0002730719652786149,
            9.99999500000251e-09,
            9.99999500000251e-09,
            9.99999500000251e-09,
            9.99999500000251e-09,
            9.99999500000251e-09
        ],
        [
            9.999995000002503e-09,
            9.999995000002503e-09,
            9.999995000002503e-09,
            9.999995000002503e-09,
            9.999995000002503e-09,
            9.999995000002503e-09,
            9.999995000002503e-09,
            0.0011012100511489705,
            0.0001424929896987259,
            9.999995000002503e-09,
            9.999995000002503e-09,
            9.999995000002503e-09,
            9.999995000002503e-09,
            9.999995000002503e-09,
            9.999995000002503e-09,
            9.999995000002503e-09,
            9.999995000002503e-09,
            9.999995000002503e-09,
            9.999995000002503e-09,
            9.999995000002503e-09,
            9.999995000002503e-09,
            9.999995000002503e-09,
            1.1407745639011472e-08,
            9.999995000002503e-09,
            9.999995000002503e-09,
            9.999995000002503e-09,
            9.999995000002503e-09,
            9.999995000002503e-09,
            9.999995000002503e-09,
            9.999995000002503e-09,
            9.999995000002503e-09,
            9.999995000002503e-09,
            9.999995000002503e-09,
            7.371554648804868e-08,
            0.9946723017451743,
            9.999995000002503e-09,
            9.999995000002503e-09,
            0.0023645518342299506,
            9.999995000002503e-09,
            9.999995000002503e-09,
            9.999995000002503e-09,
            9.999995000002503e-09,
            0.0017189282566711331,
            9.999995000002503e-09,
            9.999995000002503e-09,
            9.999995000002503e-09,
            9.999995000002503e-09,
            9.999995000002503e-09,
            9.999995000002503e-09,
            9.999995000002503e-09
        ],
        [
            9.999995000002487e-09,
            9.999995000002487e-09,
            9.999995000002487e-09,
            9.999995000002487e-09,
            9.999995000002487e-09,
            9.999995000002487e-09,
            9.999995000002487e-09,
            0.96568957853984,
            1.000295268891028e-08,
            9.999995000002487e-09,
            9.999995000002487e-09,
            9.999995000002487e-09,
            9.999995000002487e-09,
            9.999995000002487e-09,
            9.999995000002487e-09,
            9.999995000002487e-09,
            9.999995000002487e-09,
            9.999995000002487e-09,
            9.999995000002487e-09,
            9.999995000002487e-09,
            9.999995000002487e-09,
            9.999995000002487e-09,
            9.999995000002487e-09,
            9.999995000002487e-09,
            0.010400467988382678,
            9.999995000002487e-09,
            9.999995000002487e-09,
            9.999995000002487e-09,
            9.999995000002487e-09,
            9.999995000002487e-09,
            9.999995000002487e-09,
            9.999995000002487e-09,
            9.999995000002487e-09,
            0.0013647992062356198,
            0.0070293126700487485,
            9.999995000002487e-09,
            9.999995000002487e-09,
            0.002610008184521002,
            9.999995000002487e-09,
            9.999995000002487e-09,
            9.999995000002487e-09,
            9.999995000002487e-09,
            0.012905393408233793,
            9.999995000002487e-09,
            9.99999530100117e-09,
            9.999995000002487e-09,
            9.999995000002487e-09,
            9.999995000002487e-09,
            9.999995000002487e-09,
            9.999995000002487e-09
        ],
        [
            9.999995000002503e-09,
            9.999995000002503e-09,
            9.999995000002503e-09,
            9.999995000002503e-09,
            9.999995000002503e-09,
            9.999995000002503e-09,
            9.999995000002503e-09,
            0.07212324041789857,
            9.999995000025102e-09,
            9.999995000002503e-09,
            9.999995000002503e-09,
            9.999995000002503e-09,
            9.999995000002503e-09,
            9.999995000002503e-09,
