{
    "A":[
        [
            0.969893426425428,
            0.0,
            0.0,
            0.0,
            0.0,
            0.0,
            0.0,
            0.0,
            0.0,
            0.03010657357457208
        ],
        [
            0.0973223093875071,
            0.9026776906124929,
            0.0,
            0.0,
            0.0,
            0.0,
            0.0,
            0.0,
            0.0,
            0.0
        ],
        [
            0.0,
            0.14448836234091464,
            0.8555116376590854,
            0.0,
            0.0,
            0.0,
            0.0,
            0.0,
            0.0,
            0.0
        ],
        [
            0.0,
            0.0,
            0.08996099691356704,
            0.9100390030864329,
            0.0,
            0.0,
            0.0,
            0.0,
            0.0,
            0.0
        ],
        [
            0.0,
            0.0,
            0.0,
            0.1625718982552381,
            0.8374281017447619,
            0.0,
            0.0,
            0.0,
            0.0,
            0.0
        ],
        [
            0.0,
            0.0,
            0.0,
            0.0,
            0.0529684900096292,
            0.9470315099903708,
            0.0,
            0.0,
            0.0,
            0.0
        ],
        [
            0.0,
            0.0,
            0.0,
            0.0,
            0.0,
            0.20280817477628435,
            0.7971918252237157,
            0.0,
            0.0,
            0.0
        ],
        [
            0.0,
            0.0,
            0.0,
            0.0,
            0.0,
            0.0,
            0.05405680927184129,
            0.9459431907281587,
            0.0,
            0.0
        ],
        [
            0.0,
            0.0,
            0.0,
            0.0,
            0.0,
            0.0,
            0.0,
            0.023171142139050395,
            0.9768288578609496,
            0.0
        ],
        [
            0.0,
            0.0,
            0.0,
            0.0,
            0.0,
            0.0,
            0.0,
            0.0,
            0.0616161446906642,
            0.9383838553093359
        ]
    ],
    "B":[
        [
            9.99999500000248e-09,
            9.99999500000248e-09,
            0.32100663934229623,
            9.99999500000248e-09,
            0.0005168388661341591,
            9.99999500000248e-09,
            9.99999500000248e-09,
            9.999995000002508e-09,
            0.007930141422376512,
            9.99999500000248e-09,
            0.5534943493336086,
            9.99999500000248e-09,
            9.99999500000248e-09,
            9.99999500000248e-09,
            9.99999500000248e-09,
            0.0007792523092989169,
            9.99999500000248e-09,
            9.99999500000248e-09,
            9.99999500000248e-09,
            0.021450932946416063,
            9.99999500000248e-09,
            9.99999500000248e-09,
            9.99999500000248e-09,
            9.99999500000248e-09,
            9.99999500000248e-09,
            0.02007122934822339,
            9.99999500000248e-09,
            9.99999500000248e-09,
            9.99999500000248e-09,
            9.99999500000248e-09,
            9.99999500000248e-09,
            9.99999500000248e-09,
            9.99999500000248e-09,
            0.003010665858378782,
            0.004515993778188908,
            9.99999500000248e-09,
            9.99999500000248e-09,
            9.999995000162081e-09,
            9.99999500000248e-09,
            0.0002364544605059239,
            9.99999500000248e-09,
            9.99999500000248e-09,
            9.99999500000248e-09,
            9.99999500000248e-09,
            9.99999500000248e-09,
            1.9624891210776486e-08,
            0.06661077072835513,
            0.000376341981511159,
            9.99999500000248e-09,
            9.99999500000248e-09
        ],
        [
            9.99999500000251e-09,
            9.99999500000251e-09,
            0.035740799562986904,
            9.99999500000251e-09,
            1.1119283534633613e-08,
            9.99999500000251e-09,
            9.99999500000251e-09,
            9.99999500000251e-09,
            1.0000560538860844e-08,
            9.99999500000251e-09,
            9.99999500000251e-09,
            9.99999500000251e-09,
            9.99999500000251e-09,
            9.99999500000251e-09,
            9.99999500000251e-09,
            1.1326008234441454e-08,
            9.99999500000251e-09,
            9.99999500000251e-09,
            9.99999500000251e-09,
            9.99999500000251e-09,
            9.99999500000251e-09,
            1.0237783461080402e-08,
            9.99999500000251e-09,
            9.99999500000251e-09,
            9.99999500000251e-09,
            0.001412541146810809,
            9.99999500000251e-09,
            9.99999500000251e-09,
            9.99999500000251e-09,
            0.002650201908213236,
            9.99999500000251e-09,
            9.99999500000251e-09,
            9.99999500000251e-09,
            1.5885797437411515e-08,
            9.99999500000251e-09,
            9.99999500000251e-09,
            9.99999500000251e-09,
            9.99999500000251e-09,
            9.99999500000251e-09,
            0.0012372617447277494,
            9.99999500000251e-09,
            9.99999500000251e-09,
            9.99999500000251e-09,
            9.99999500000251e-09,
            9.99999500000251e-09,
            0.9589587370680279,
            9.99999500000251e-09,
            9.99999500000251e-09,
            9.999995053180334e-09,
            9.99999500000251e-09
        ],
        [
            9.999995000002497e-09,
            9.999995000002497e-09,
            1.1503067901936477e-08,
            9.999995000002497e-09,
            9.999997441897088e-09,
            9.999995000002497e-09,
            9.999995000002497e-09,
            9.999995000002497e-09,
            1.084081806510551e-08,
            9.999995000002497e-09,
            9.999995000002497e-09,
            9.999995000002497e-09,
            9.999995000002497e-09,
            9.999995000002497e-09,
            9.999995000002497e-09,
            0.06046949829092528,
            9.999995000002497e-09,
            9.999995000002497e-09,
            9.999995000002497e-09,
            9.999995000002497e-09,
            9.999995000002497e-09,
            0.011800705330158793,
            9.999995000002497e-09,
            9.999995000002497e-09,
            9.999995000002497e-09,
            9.999995000002498e-09,
            9.999995000002497e-09,
            9.999995000002497e-09,
            1.2472545268115955e-08,
            0.03239664262187597,
            9.999995000002497e-09,
            9.999995000002497e-09,
            9.999995000002497e-09,
            0.8832897059662271,
            9.999995000002497e-09,
            9.999995000002497e-09,
            9.999995000002497e-09,
            9.999995000002497e-09,
            9.999995000002497e-09,
            0.0018401400129912484,
            9.999995000002497e-09,
            9.999995000002497e-09,
            1.0555579650426355e-08,
            9.999995000002497e-09,
            9.999995000002497e-09,
            0.010202862069463655,
            9.999995000002497e-09,
            9.999995000002497e-09,
            1.0336539562867008e-08,
            9.999995000002497e-09
        ],
        [
            9.999995000002487e-09,
            9.999995000002487e-09,
            9.999995000002487e-09,
            9.999995000002487e-09,
            9.999995000006077e-09,
            9.999995000002487e-09,
            9.999995000002487e-09,
            9.999995000002487e-09,
            0.0027015775081619254,
            9.999995000002487e-09,
            9.999995000002487e-09,
            9.999995000002487e-09,
            9.999995000002487e-09,
            9.999995000002487e-09,
            9.999995000002487e-09,
