{
    "A":[
        [
            0.9771921695637213,
            0.0,
            0.0,
            0.0,
            0.0,
            0.0,
            0.0,
            0.0,
            0.0,
            0.02280783043627862
        ],
        [
            0.02800816835208461,
            0.9719918316479154,
            0.0,
            0.0,
            0.0,
            0.0,
            0.0,
            0.0,
            0.0,
            0.0
        ],
        [
            0.0,
            0.0499910162954247,
            0.9500089837045753,
            0.0,
            0.0,
            0.0,
            0.0,
            0.0,
            0.0,
            0.0
        ],
        [
            0.0,
            0.0,
            0.9999008164164119,
            9.91835835879954e-05,
            0.0,
            0.0,
            0.0,
            0.0,
            0.0,
            0.0
        ],
        [
            0.0,
            0.0,
            0.0,
            0.0531350849999266,
            0.9468649150000733,
            0.0,
            0.0,
            0.0,
            0.0,
            0.0
        ],
        [
            0.0,
            0.0,
            0.0,
            0.0,
            0.04269788717986867,
            0.9573021128201313,
            0.0,
            0.0,
            0.0,
            0.0
        ],
        [
            0.0,
            0.0,
            0.0,
            0.0,
            0.0,
            0.02805101716354678,
            0.9719489828364531,
            0.0,
            0.0,
            0.0
        ],
        [
            0.0,
            0.0,
            0.0,
            0.0,
            0.0,
            0.0,
            0.05130472269279465,
            0.9486952773072053,
            0.0,
            0.0
        ],
        [
            0.0,
            0.0,
            0.0,
            0.0,
            0.0,
            0.0,
            0.0,
            0.013414381950465746,
            0.9865856180495343,
            0.0
        ],
        [
            0.0,
            0.0,
            0.0,
            0.0,
            0.0,
            0.0,
            0.0,
            0.0,
            0.02655873366292808,
            0.973441266337072
        ]
    ],
    "B":[
        [
            9.999995000002497e-09,
            9.999995000002497e-09,
            9.999995000002497e-09,
            9.999995000002497e-09,
            9.999995000002497e-09,
            0.5421744422514692,
            9.999995000002497e-09,
            9.999995000002497e-09,
            9.999995000002497e-09,
            9.999995000002497e-09,
            1.0000001184450625e-08,
            9.999995000002796e-09,
            9.999995000002497e-09,
            9.999995000002497e-09,
            9.999995000002497e-09,
            9.999995000002497e-09,
            0.0006542976514932015,
            9.999995000002497e-09,
            9.999995000002497e-09,
            9.999995000002497e-09,
            9.999995000002497e-09,
            9.999995000002497e-09,
            9.999995000002497e-09,
            9.999995000002497e-09,
            9.999995000002497e-09,
            9.999995000002497e-09,
            9.999995000002497e-09,
            0.0021065609150280108,
            9.999995000002497e-09,
            9.999995000002497e-09,
            9.999995000002497e-09,
            9.999995000002497e-09,
            9.999995000002497e-09,
            9.999995000002497e-09,
            9.999995000002497e-09,
            9.999995000002497e-09,
            1.055801258752347e-08,
            9.999995000002497e-09,
            9.999995000002497e-09,
            9.999995000002497e-09,
            0.45370963250204616,
            9.999995000002497e-09,
            9.999995000002497e-09,
            9.999995000002497e-09,
            9.999995000002497e-09,
            9.999995000002497e-09,
            9.999995000002497e-09,
            9.999995000002497e-09,
            9.999995000002497e-09,
            0.0013546161221641932
        ],
        [
            9.999995000002495e-09,
            0.006590163964232048,
            9.999995000002495e-09,
            9.999995000002495e-09,
            9.999995000002495e-09,
            1.0425403188104068e-08,
            9.999995000002495e-09,
            9.999995000002495e-09,
            9.999995000002495e-09,
            9.999995000002495e-09,
            9.999995000050331e-09,
            9.999995000002495e-09,
            9.999995000002495e-09,
            9.999995000002495e-09,
            9.999995000002495e-09,
            9.999995000002495e-09,
            9.999995000002495e-09,
            9.999995000002495e-09,
            9.999995000002495e-09,
            9.999995000002495e-09,
            9.999995000002495e-09,
            9.999995000002495e-09,
            9.999995000002495e-09,
            9.999995000002495e-09,
            9.999995000002495e-09,
            9.999995000002495e-09,
            9.999995000002495e-09,
            0.0016527308423401796,
            9.999995000002495e-09,
            9.999995000002495e-09,
            9.999995000002495e-09,
            9.999995000002495e-09,
            9.999995000002495e-09,
            9.999995000002495e-09,
            9.999995000002495e-09,
            9.999995000002495e-09,
            0.9892741846508166,
            9.999995000002495e-09,
            9.999995000002495e-09,
            9.999995000002495e-09,
            0.002482459384785982,
            1.025247106642014e-08,
            9.999995000002495e-09,
            9.999995000002495e-09,
            9.999995000002495e-09,
            9.999995000002495e-09,
            9.999995000002495e-09,
            9.999995000002495e-09,
            9.999995000002495e-09,
            1.0480166027796437e-08
        ],
        [
            9.999995000002533e-09,
            9.999995000002533e-09,
            9.999995000002533e-09,
            9.999995000002533e-09,
            9.999995000002533e-09,
            9.999995000002533e-09,
            9.999995000002533e-09,
            9.999995000002533e-09,
            9.999995000002533e-09,
            9.999995000002533e-09,
            9.999995000002533e-09,
            9.999995000002533e-09,
            9.999995000002533e-09,
            9.999995000002533e-09,
            9.999995000002533e-09,
            9.999995000002533e-09,
            9.999995000002533e-09,
            9.999995000002533e-09,
            9.999995000002533e-09,
            9.999995000002533e-09,
            9.999995000002533e-09,
            9.999995000002533e-09,
            9.999995000002533e-09,
            9.999995000002533e-09,
            9.999995000002533e-09,
            9.999995000002533e-09,
            1.0450616907233748e-08,
            0.002967462374797824,
            9.999995000002533e-09,
            9.999995000002533e-09,
            9.999995000002533e-09,
            9.999995000002533e-09,
            9.999995000002533e-09,
            9.999995000002533e-09,
            9.999995000002533e-09,
            9.999995000002533e-09,
            0.0030703963138621368,
            9.999995000002533e-09,
            9.999995000002533e-09,
            9.999995000002533e-09,
            0.004435280448377237,
            0.9895264004125709,
            9.999995000002533e-09,
            9.999995000002533e-09,
            9.999995000002533e-09,
            9.999995000002533e-09,
            9.999995000002533e-09,
            9.999995000002533e-09,
            9.999995000002533e-09,
            9.999995000002533e-09
        ],
        [
            9.999995000002497e-09,
            9.999995000002497e-09,
            9.999995000002497e-09,
            9.999995000002497e-09,
            9.999995000002497e-09,
            9.999995000002497e-09,
            9.999995000002497e-09,
            9.999995000002497e-09,
            9.999995000002497e-09,
            9.999995000002497e-09,
            9.999995000002497e-09,
            9.999995000002497e-09,
