{
    "A":[
        [
            0.9630783615790589,
            0.0,
            0.0,
            0.0,
            0.0,
            0.0,
            0.0,
            0.0,
            0.0,
            0.03692163842094111
        ],
        [
            0.31981262122066284,
            0.6801873787793372,
            0.0,
            0.0,
            0.0,
            0.0,
            0.0,
            0.0,
            0.0,
            0.0
        ],
        [
            0.0,
            0.053483225667051035,
            0.946516774332949,
            0.0,
            0.0,
            0.0,
            0.0,
            0.0,
            0.0,
            0.0
        ],
        [
            0.0,
            0.0,
            0.06556011772720799,
            0.934439882272792,
            0.0,
            0.0,
            0.0,
            0.0,
            0.0,
            0.0
        ],
        [
            0.0,
            0.0,
            0.0,
            0.019418265959020513,
            0.9805817340409796,
            0.0,
            0.0,
            0.0,
            0.0,
            0.0
        ],
        [
            0.0,
            0.0,
            0.0,
            0.0,
            0.012035770243737979,
            0.987964229756262,
            0.0,
            0.0,
            0.0,
            0.0
        ],
        [
            0.0,
            0.0,
            0.0,
            0.0,
            0.0,
            0.033978887585236234,
            0.9660211124147637,
            0.0,
            0.0,
            0.0
        ],
        [
            0.0,
            0.0,
            0.0,
            0.0,
            0.0,
            0.0,
            0.03778132847112213,
            0.9622186715288779,
            0.0,
            0.0
        ],
        [
            0.0,
            0.0,
            0.0,
            0.0,
            0.0,
            0.0,
            0.0,
            0.03804508044662336,
            0.9619549195533768,
            0.0
        ],
        [
            0.0,
            0.0,
            0.0,
            0.0,
            0.0,
            0.0,
            0.0,
            0.0,
            0.05750530631989589,
            0.9424946936801041
        ]
    ],
    "B":[
        [
            9.999995000002503e-09,
            9.999995000002503e-09,
            9.999995000002503e-09,
            9.999995000002503e-09,
            0.03299005513361767,
            9.999995000002503e-09,
            0.0007540824196213534,
            9.999995000002503e-09,
            0.016577062821789595,
            1.0023531815462066e-08,
            9.999995000002503e-09,
            9.999995000002503e-09,
            9.999995000002503e-09,
            9.999995000002503e-09,
            9.999995000002503e-09,
            9.999995000002503e-09,
            9.999995000002503e-09,
            9.999995000002503e-09,
            9.999995000002503e-09,
            0.9293924315523733,
            9.999995000002503e-09,
            9.999995000002503e-09,
            9.999995000002503e-09,
            9.999995000002503e-09,
            9.999995000002503e-09,
            9.999995000002503e-09,
            9.999995000002503e-09,
            9.999995000002503e-09,
            9.999995000002503e-09,
            9.999995000002503e-09,
            9.999995000002503e-09,
            1.0397036347545578e-08,
            9.999995000002503e-09,
            9.999995000002503e-09,
            0.01953065324011283,
            9.999995000002503e-09,
            9.999995000002503e-09,
            1.0058457531363405e-08,
            9.999995000002503e-09,
            0.0007552738678298732,
            9.999995000002503e-09,
            9.999995000002503e-09,
            9.999995000002503e-09,
            9.999995000002503e-09,
            9.999995000002503e-09,
            9.999995000002503e-09,
            9.999995000002503e-09,
            9.999995000002503e-09,
            9.999995000002503e-09,
            1.0485829604072638e-08
        ],
        [
            9.999995000002457e-09,
            9.999995000002457e-09,
            9.999995000002457e-09,
            9.999995000002457e-09,
            0.008113472279701365,
            9.999995000002457e-09,
            9.999995001028285e-09,
            9.999995000002457e-09,
            2.3149839564263303e-08,
            9.999995000002457e-09,
            9.999995000002457e-09,
            9.999995000002457e-09,
            9.999995000002457e-09,
            9.999995000002457e-09,
            9.999995000002457e-09,
            9.999995000002457e-09,
            9.999995000002457e-09,
            9.999995000002457e-09,
            9.999995000002457e-09,
            0.4035642400455706,
            9.999995000002457e-09,
            9.999995000002457e-09,
            9.999995000002457e-09,
            9.999995000002457e-09,
            9.999995000002457e-09,
            9.999995000002457e-09,
            9.999995000002457e-09,
            9.999995000002457e-09,
            9.999995000002457e-09,
            9.999995000002457e-09,
            9.999995000002457e-09,
            0.03248401695952408,
            9.999995000002457e-09,
            9.999995000002457e-09,
            6.740285357493223e-05,
            9.999995000002457e-09,
            9.999995000002457e-09,
            0.5490079114779186,
            9.999995000002457e-09,
            0.0067625032340858935,
            9.999995000002457e-09,
            9.999995000002457e-09,
            9.999995000002457e-09,
            9.999995000002457e-09,
            9.999995000002457e-09,
            9.999995000002457e-09,
            9.999995000002457e-09,
            9.999995000002457e-09,
            9.999995000002457e-09,
            9.999995000002457e-09
        ],
        [
            9.99999500000249e-09,
            9.99999500000249e-09,
            9.99999500000249e-09,
            9.99999500000249e-09,
            1.0345522895117474e-08,
            9.99999500000249e-09,
            1.0000275368181012e-08,
            1.0476287644989458e-08,
            1.6697665618649227e-07,
            9.99999500000249e-09,
            9.99999500000249e-09,
            9.99999500000249e-09,
            9.99999500000249e-09,
            9.99999500000249e-09,
            9.99999500000249e-09,
            9.99999500000249e-09,
            9.99999500000249e-09,
            9.99999500000249e-09,
            9.99999500000249e-09,
            1.0520537156907083e-08,
            9.99999500000249e-09,
            9.99999500000249e-09,
            9.99999500000249e-09,
            9.99999500000249e-09,
            9.99999500000249e-09,
            9.99999500000249e-09,
            9.99999500000249e-09,
            9.99999500000249e-09,
            9.99999500000249e-09,
            9.99999500000249e-09,
            9.99999500000249e-09,
            0.0011731956139537508,
            9.99999500000249e-09,
            9.99999500000249e-09,
            0.9939741985618658,
            9.99999500000249e-09,
            9.99999500000249e-09,
            0.0037339507378701797,
            9.99999500000249e-09,
            0.0011180367672360332,
            9.99999500000249e-09,
            9.99999500000249e-09,
            9.99999500000249e-09,
            9.99999500000249e-09,
            9.99999500000249e-09,
            9.99999500000249e-09,
            9.99999500000249e-09,
            9.99999500000249e-09,
            9.99999500000249e-09,
            9.99999500000249e-09
        ],
        [
            9.999995000002513e-09,
            9.999995000002513e-09,
            9.999995000002513e-09,
            9.999995000002513e-09,
            9.999995000002513e-09,
            9.999995000002513e-09,
            1.3838470375553842e-07,
            0.9451578965507691,
            0.0013656526799417869,
            9.999995000002513e-09,
            9.999995000002513e-09,
            9.999995000002513e-09,
            9.999995000002513e-09,
            9.999995000002513e-09,
