{
    "A":[
        [
            0.9563657776184548,
            0.0,
            0.0,
            0.0,
            0.0,
            0.0,
            0.0,
            0.0,
            0.0,
            0.04363422238154524
        ],
        [
            0.036771879325142406,
            0.9632281206748576,
            0.0,
            0.0,
            0.0,
            0.0,
            0.0,
            0.0,
            0.0,
            0.0
        ],
        [
            0.0,
            0.05761782489682794,
            0.942382175103172,
            0.0,
            0.0,
            0.0,
            0.0,
            0.0,
            0.0,
            0.0
        ],
        [
            0.0,
            0.0,
            0.04162561793688754,
            0.9583743820631124,
            0.0,
            0.0,
            0.0,
            0.0,
            0.0,
            0.0
        ],
        [
            0.0,
            0.0,
            0.0,
            0.021416651009421018,
            0.978583348990579,
            0.0,
            0.0,
            0.0,
            0.0,
            0.0
        ],
        [
            0.0,
            0.0,
            0.0,
            0.0,
            0.049866501968963264,
            0.9501334980310367,
            0.0,
            0.0,
            0.0,
            0.0
        ],
        [
            0.0,
            0.0,
            0.0,
            0.0,
            0.0,
            0.08443722370158796,
            0.9155627762984121,
            0.0,
            0.0,
            0.0
        ],
        [
            0.0,
            0.0,
            0.0,
            0.0,
            0.0,
            0.0,
            0.06534135531695982,
            0.9346586446830402,
            0.0,
            0.0
        ],
        [
            0.0,
            0.0,
            0.0,
            0.0,
            0.0,
            0.0,
            0.0,
            0.14036539574458073,
            0.8596346042554193,
            0.0
        ],
        [
            0.0,
            0.0,
            0.0,
            0.0,
            0.0,
            0.0,
            0.0,
            0.0,
            0.10407564339903908,
            0.8959243566009609
        ]
    ],
    "B":[
        [
            9.999995000002503e-09,
            1.023116790339887e-08,
            9.999995000002503e-09,
            9.999995000002503e-09,
            9.999995000002503e-09,
            9.999995000002503e-09,
            9.999995000002503e-09,
            9.999995000002503e-09,
            9.999995000002503e-09,
            9.999995000002503e-09,
            0.019147340979957964,
            9.999995000002503e-09,
            9.999995000002503e-09,
            9.999995000002503e-09,
            0.4653349242108589,
            9.724660049392205e-06,
            9.999995000002503e-09,
            9.999995000002503e-09,
            9.999995000002503e-09,
            9.999995000002503e-09,
            9.999995000002503e-09,
            9.999995000002503e-09,
            9.999995000002503e-09,
            9.999995000002503e-09,
            9.999995000002503e-09,
            9.999995000002503e-09,
            9.999995000002503e-09,
            9.999995000002503e-09,
            9.999995000002503e-09,
            9.999995000002503e-09,
            9.999995000002503e-09,
            0.5148835758318523,
            9.999995000002503e-09,
            9.999995000002503e-09,
            9.999995000002503e-09,
            9.999995000002503e-09,
            1.1955170117290174e-08,
            9.999995000002503e-09,
            9.999995000002503e-09,
            0.0006239813865532978,
            9.999995000002503e-09,
            1.0414322726972256e-08,
            9.999995000002503e-09,
            9.999995000002503e-09,
            9.999995000002503e-09,
            9.999995000002503e-09,
            9.999995000002523e-09,
            9.999995000002503e-09,
            1.0330272392037867e-08,
            9.999995000002503e-09
        ],
        [
            9.99999500000249e-09,
            0.005457776895308996,
            9.99999500000249e-09,
            9.99999500000249e-09,
            9.99999500000249e-09,
            9.99999500000249e-09,
            9.99999500000249e-09,
            9.99999500000249e-09,
            1.087863829499805e-08,
            9.99999500000249e-09,
            0.6156791299524228,
            9.99999500000249e-09,
            9.99999500000249e-09,
            9.99999500000249e-09,
            0.0065795642702281484,
            1.0000211055792386e-08,
            9.99999500000249e-09,
            9.99999500000249e-09,
            9.99999500000249e-09,
            9.99999500000249e-09,
            9.99999500000249e-09,
            9.99999500000249e-09,
            9.99999500000249e-09,
            9.99999500000249e-09,
            9.99999500000249e-09,
            9.99999500000249e-09,
            9.99999500000249e-09,
            0.011191445435444895,
            9.99999500000249e-09,
            9.99999500000249e-09,
            9.99999500000249e-09,
            1.0224118888785645e-08,
            9.99999500000249e-09,
            9.99999500000249e-09,
            1.1611111456522027e-08,
            9.99999500000249e-09,
            0.0037304852308632864,
            9.99999500000249e-09,
            9.99999500000249e-09,
            9.999995000052599e-09,
            9.99999500000249e-09,
            0.35736115527764606,
            1.0036182910093076e-08,
            9.99999500000249e-09,
            9.99999500000249e-09,
            9.99999500000249e-09,
            1.0188013072867208e-08,
            9.99999500000249e-09,
            9.99999500000249e-09,
            9.99999500000249e-09
        ],
        [
            9.999995000002502e-09,
            0.27637811950568447,
            1.0929051205617616e-08,
            9.999995000002502e-09,
            9.999995000003066e-09,
            9.999995000002502e-09,
            9.999995000002502e-09,
            9.999995000002502e-09,
            0.02652332424679943,
            9.999995000002502e-09,
            1.0300700268096765e-08,
            9.999995000002502e-09,
            9.999995000002502e-09,
            9.999995000002502e-09,
            0.0042664597678167045,
            0.005010222620393918,
            9.999995000002502e-09,
            9.999995000002502e-09,
            9.999995000002502e-09,
            9.999995000002502e-09,
            9.999995000002502e-09,
            9.999995000013452e-09,
            9.999995000002502e-09,
            9.999995000002502e-09,
            9.999995000002502e-09,
            9.999995000002502e-09,
            9.999995000002502e-09,
            1.0787473269591222e-08,
            9.999995000002502e-09,
            9.999995000002502e-09,
            9.999995000002502e-09,
            9.999995000002502e-09,
            9.999995000002502e-09,
            9.999995000002502e-09,
            0.0019083439447703488,
            9.999995000002502e-09,
            1.2731999552314e-08,
            9.999995964890751e-09,
            9.999995000002502e-09,
            1.0000064644766531e-08,
            9.999995000002502e-09,
            0.007043664553367639,
            1.6444037562731004e-08,
            9.999995000002502e-09,
            9.999995000002502e-09,
            9.999995000002502e-09,
            0.6788694241680252,
            9.999995000002502e-09,
            9.999995000002502e-09,
            9.999995000002502e-09
        ],
        [
            9.999995000002513e-09,
            0.011331293294443073,
            0.23161471744083661,
            9.999995000002513e-09,
            1.0000350780154107e-08,
            9.999995000002513e-09,
            0.019237336965000355,
            9.999995000002513e-09,
            0.012825100792510629,
            9.999995000002513e-09,
            9.999995000002513e-09,
            9.999995000002513e-09,
            9.999995000002513e-09,
            9.999995000002513e-09,
