{
    "A":[
        [
            0.9459504076988845,
            0.0,
            0.0,
            0.0,
            0.0,
            0.0,
            0.0,
            0.0,
            0.0,
            0.054049592301115466
        ],
        [
            0.014930274807639034,
            0.985069725192361,
            0.0,
            0.0,
            0.0,
            0.0,
            0.0,
            0.0,
            0.0,
            0.0
        ],
        [
            0.0,
            0.018623781761484458,
            0.9813762182385155,
            0.0,
            0.0,
            0.0,
            0.0,
            0.0,
            0.0,
            0.0
        ],
        [
            0.0,
            0.0,
            0.05021280480872942,
            0.9497871951912706,
            0.0,
            0.0,
            0.0,
            0.0,
            0.0,
            0.0
        ],
        [
            0.0,
            0.0,
            0.0,
            0.018778744949842188,
            0.9812212550501578,
            0.0,
            0.0,
            0.0,
            0.0,
            0.0
        ],
        [
            0.0,
            0.0,
            0.0,
            0.0,
            0.04444621935723122,
            0.9555537806427687,
            0.0,
            0.0,
            0.0,
            0.0
        ],
        [
            0.0,
            0.0,
            0.0,
            0.0,
            0.0,
            0.9999999998931928,
            1.0680715275684565e-10,
            0.0,
            0.0,
            0.0
        ],
        [
            0.0,
            0.0,
            0.0,
            0.0,
            0.0,
            0.0,
            0.30992339691841253,
            0.6900766030815875,
            0.0,
            0.0
        ],
        [
            0.0,
            0.0,
            0.0,
            0.0,
            0.0,
            0.0,
            0.0,
            0.0750503680528044,
            0.9249496319471956,
            0.0
        ],
        [
            0.0,
            0.0,
            0.0,
            0.0,
            0.0,
            0.0,
            0.0,
            0.0,
            0.039373044837641216,
            0.9606269551623587
        ]
    ],
    "B":[
        [
            9.999995000002488e-09,
            9.999995000002488e-09,
            9.999995000002488e-09,
            9.999995000002488e-09,
            1.0990441720848338e-08,
            9.999995000002488e-09,
            0.00616153703758719,
            1.262288473478098e-08,
            0.00020694783531708403,
            9.999995000002488e-09,
            9.999995000002488e-09,
            9.999995000002488e-09,
            9.999995000002488e-09,
            9.999995000002488e-09,
            9.999995000002488e-09,
            9.999995000002488e-09,
            9.999995000002488e-09,
            9.999995000002488e-09,
            9.999995000002488e-09,
            1.0470323662833e-08,
            1.3058888279192995e-08,
            9.999995000002488e-09,
            9.999995000002488e-09,
            9.999995000002488e-09,
            9.999995000002488e-09,
            9.999995000002488e-09,
            9.999995000002488e-09,
            9.999995000002488e-09,
            9.999995000002488e-09,
            9.999995000002488e-09,
            9.999996418877578e-09,
            0.0011164321013417077,
            9.999995000002488e-09,
            9.999995000002488e-09,
            0.9361792711972827,
            9.999995000002488e-09,
            9.999995000002488e-09,
            0.05633535468613645,
            9.999995000002488e-09,
            9.999995000002488e-09,
            9.999995000002488e-09,
            9.999995000002488e-09,
            9.999995000002488e-09,
            9.999995000002488e-09,
            9.999995000002488e-09,
            9.999995000002488e-09,
            9.999995000002488e-09,
            9.999995060043957e-09,
            9.999995000002488e-09,
            9.999995000002488e-09
        ],
        [
            9.9999950000025e-09,
            9.9999950000025e-09,
            9.9999950000025e-09,
            9.9999950000025e-09,
            9.9999950000025e-09,
            9.9999950000025e-09,
            0.12946090844628635,
            0.1986874131271812,
            0.0008351379157471156,
            9.9999950000025e-09,
            9.9999950000025e-09,
            9.9999950000025e-09,
            9.9999950000025e-09,
            9.9999950000025e-09,
            9.9999950000025e-09,
            9.9999950000025e-09,
            9.9999950000025e-09,
            9.9999950000025e-09,
            9.9999950000025e-09,
            9.9999950000025e-09,
            0.5116487861454004,
            9.9999950000025e-09,
            9.9999950000025e-09,
            0.15820342043193011,
            0.0005742510516298203,
            9.9999950000025e-09,
            9.9999950000025e-09,
            9.9999950000025e-09,
            9.9999950000025e-09,
            9.9999950000025e-09,
            1.0431012905427817e-08,
            0.00029460531818922657,
            9.9999950000025e-09,
            9.9999950000025e-09,
            1.0277341993440628e-08,
            9.9999950000025e-09,
            9.9999950000025e-09,
            0.000295056706923716,
            9.9999950000025e-09,
            9.9999950000025e-09,
            9.9999950000025e-09,
            9.9999950000025e-09,
            9.9999950000025e-09,
            9.9999950000025e-09,
            9.9999950000025e-09,
            9.9999950000025e-09,
            9.9999950000025e-09,
            1.0148552086564835e-08,
            9.9999950000025e-09,
            9.9999950000025e-09
        ],
        [
            9.999995000002493e-09,
            9.999995000002493e-09,
            9.999995000002493e-09,
            9.999995000002493e-09,
            9.999995000002493e-09,
            9.999995000002493e-09,
            1.149601538544473e-08,
            9.999995000002522e-09,
            0.0007600033963526095,
            9.999995000002493e-09,
            9.999995000002493e-09,
            9.999995000002493e-09,
            9.999995000002493e-09,
            9.999995000002493e-09,
            1.1059592964749565e-08,
            9.999995000002493e-09,
            9.999995000002493e-09,
            9.999995000002493e-09,
            9.999995000002493e-09,
            9.999995000002493e-09,
            9.999995000002493e-09,
            9.999995000002493e-09,
            9.999995000002493e-09,
            0.00035815938948561123,
            9.999995000002493e-09,
            9.999995000002493e-09,
            9.999995000002493e-09,
            9.999995000002493e-09,
            9.999995000002493e-09,
            9.999995000002493e-09,
            0.4838599436748233,
            1.0325569657204312e-08,
            9.999995000002493e-09,
            9.999995000002493e-09,
            9.999995050628754e-09,
            9.999995000002493e-09,
            9.999995000002493e-09,
            0.0003606423568496977,
            9.999995000002493e-09,
            9.999995000002493e-09,
            9.999995000002493e-09,
            9.999995000002493e-09,
            9.999995000002493e-09,
            9.999995000002493e-09,
            9.999995000002493e-09,
            9.999995000002493e-09,
            9.999995000002493e-09,
            0.5146607981225051,
            9.999995000002493e-09,
            1.0179010842539818e-08
        ],
        [
            9.999995000002523e-09,
            9.999995000002523e-09,
            9.999995000002523e-09,
            9.999995000002523e-09,
            9.999995000002523e-09,
            9.999995000002523e-09,
            1.282077911695209e-08,
            9.999995000002581e-09,
            0.020052703695595052,
            0.009656365662121852,
            9.999995000002523e-09,
            9.999995000002523e-09,
            9.999995000002523e-09,
            9.999995000002523e-09,
            0.0038625239281157705,
