{
    "A":[
        [
            0.9349490885881866,
            0.0,
            0.0,
            0.0,
            0.0,
            0.0,
            0.0,
            0.0,
            0.0,
            0.06505091141181353
        ],
        [
            0.06261512542241675,
            0.9373848745775833,
            0.0,
            0.0,
            0.0,
            0.0,
            0.0,
            0.0,
            0.0,
            0.0
        ],
        [
            0.0,
            0.04180585425540386,
            0.9581941457445962,
            0.0,
            0.0,
            0.0,
            0.0,
            0.0,
            0.0,
            0.0
        ],
        [
            0.0,
            0.0,
            0.03746169086036092,
            0.9625383091396392,
            0.0,
            0.0,
            0.0,
            0.0,
            0.0,
            0.0
        ],
        [
            0.0,
            0.0,
            0.0,
            0.06473686202998881,
            0.9352631379700113,
            0.0,
            0.0,
            0.0,
            0.0,
            0.0
        ],
        [
            0.0,
            0.0,
            0.0,
            0.0,
            0.09117176217999858,
            0.9088282378200014,
            0.0,
            0.0,
            0.0,
            0.0
        ],
        [
            0.0,
            0.0,
            0.0,
            0.0,
            0.0,
            0.04981873275992697,
            0.950181267240073,
            0.0,
            0.0,
            0.0
        ],
        [
            0.0,
            0.0,
            0.0,
            0.0,
            0.0,
            0.0,
            0.008883448947635774,
            0.9911165510523642,
            0.0,
            0.0
        ],
        [
            0.0,
            0.0,
            0.0,
            0.0,
            0.0,
            0.0,
            0.0,
            0.053959492418033585,
            0.9460405075819664,
            0.0
        ],
        [
            0.0,
            0.0,
            0.0,
            0.0,
            0.0,
            0.0,
            0.0,
            0.0,
            0.02049776223056352,
            0.9795022377694365
        ]
    ],
    "B":[
        [
            9.999995000002493e-09,
            9.999995000002493e-09,
            9.999995000002493e-09,
            9.999995000002493e-09,
            9.999995000002493e-09,
            9.999995000002493e-09,
            9.999995000002493e-09,
            9.999995000002493e-09,
            9.999995000330257e-09,
            9.999995000002493e-09,
            9.999995000002493e-09,
            9.999995000002493e-09,
            9.999995000002493e-09,
            9.999995000002493e-09,
            9.999995000002493e-09,
            9.999995000002493e-09,
            9.999995000002493e-09,
            0.9936233895839148,
            9.999995000002493e-09,
            9.999995000002493e-09,
            9.999995000002493e-09,
            9.999995000002493e-09,
            9.999995000002493e-09,
            9.999995000002493e-09,
            9.999995000002493e-09,
            9.999995000002493e-09,
            9.999995000002493e-09,
            9.999995000002493e-09,
            9.999995000002493e-09,
            9.999995000002493e-09,
            9.999995000002493e-09,
            9.999995000002493e-09,
            1.1470987566210542e-08,
            9.999995000002493e-09,
            9.999995000002493e-09,
            9.999995000002493e-09,
            9.999995000002493e-09,
            0.004786518858127657,
            1.1898443788440517e-08,
            0.0015896181887511476,
            9.999995000002493e-09,
            9.999995000002493e-09,
            9.999995000002493e-09,
            9.999995000002493e-09,
            9.999995000002493e-09,
            9.999995000002493e-09,
            9.999995000002493e-09,
            9.999995000002493e-09,
            9.999995000002493e-09,
            9.999995000002493e-09
        ],
        [
            9.999995000002487e-09,
            9.999995000002487e-09,
            9.999995000002487e-09,
            9.999995000002487e-09,
            9.999995000002487e-09,
            9.999995000002487e-09,
            9.999995000002487e-09,
            9.999995000002487e-09,
            1.0000093007764865e-08,
            9.999995000002487e-09,
            9.999995000002487e-09,
            9.999995000002487e-09,
            9.999995000002487e-09,
            9.999995000002487e-09,
            9.999995000002487e-09,
            9.999995000002487e-09,
            9.999995000002487e-09,
            0.9920471818725659,
            9.999995000002487e-09,
            9.999995000002487e-09,
            9.999995000002487e-09,
            9.999995000002487e-09,
            9.999995000002487e-09,
            9.999995000002487e-09,
            9.999995000002487e-09,
            9.999995000002487e-09,
            9.999995000002487e-09,
            9.999995000002487e-09,
            9.999995000002487e-09,
            9.999995000002487e-09,
            9.999995000002487e-09,
            9.999995000002487e-09,
            0.0016647921870012062,
            9.999995000002487e-09,
            9.999995000002487e-09,
            9.999995000002487e-09,
            9.999995000002487e-09,
            0.004722207796815263,
            0.00156535814374946,
            9.999995000002487e-09,
            9.999995000002487e-09,
            9.999995000002487e-09,
            9.999995000002487e-09,
            9.999995000002487e-09,
            9.999995000002487e-09,
            9.999995000002487e-09,
            9.999995000002487e-09,
            9.999995000002487e-09,
            9.999995000002487e-09,
            9.999995000002487e-09
        ],
        [
            9.999995000002508e-09,
            0.014434562547665022,
            9.999995000002508e-09,
            9.999995000002508e-09,
            9.999995000002508e-09,
            9.999995000002508e-09,
            9.999995000002508e-09,
            9.999995000002508e-09,
            2.9548642000926373e-08,
            9.999995000002508e-09,
            9.999995000002508e-09,
            9.999995000002508e-09,
            9.999995000002508e-09,
            9.999995000002508e-09,
            9.999995000002508e-09,
            9.999995000002508e-09,
            9.999995000002508e-09,
            1.0390237530238274e-08,
            9.999995000002508e-09,
            9.999995000002508e-09,
            9.999995000002508e-09,
            9.999995000002508e-09,
            0.004180584410790228,
            9.999995000002508e-09,
            9.999995000002508e-09,
            9.999995000002508e-09,
            9.999995000002508e-09,
            9.999995000002508e-09,
            9.999995000002508e-09,
            9.999995000002508e-09,
            9.999995000002508e-09,
            9.999995000002508e-09,
            0.9782370952209347,
            9.999995000002508e-09,
            9.999995000002508e-09,
            9.999995000002508e-09,
            9.999995000002508e-09,
            0.0031472583802901505,
            2.950165532969152e-08,
            9.999995000002508e-09,
            9.999995000002508e-09,
            9.999995000002508e-09,
            9.999995000002508e-09,
            9.999995000002508e-09,
            9.999995000002508e-09,
            9.999995000002508e-09,
            9.999995000002508e-09,
            9.999995000002508e-09,
            9.999995000002508e-09,
            9.999995000002508e-09
        ],
        [
            9.999995000002493e-09,
            0.9844700493408883,
            9.999995000002493e-09,
            9.999995000002493e-09,
            9.999995000002493e-09,
            9.999995000002493e-09,
            9.999995000002493e-09,
            1.0281856900501155e-08,
            0.0011969908347457983,
            9.999995000002493e-09,
            9.999995000002493e-09,
            9.999995000002493e-09,
