{
    "A":[
        [
            0.9609908161376071,
            0.0,
            0.0,
            0.0,
            0.0,
            0.0,
            0.0,
            0.0,
            0.0,
            0.03900918386239286
        ],
        [
            0.019549280949686283,
            0.9804507190503138,
            0.0,
            0.0,
            0.0,
            0.0,
            0.0,
            0.0,
            0.0,
            0.0
        ],
        [
            0.0,
            0.06310356452295465,
            0.9368964354770453,
            0.0,
            0.0,
            0.0,
            0.0,
            0.0,
            0.0,
            0.0
        ],
        [
            0.0,
            0.0,
            0.029097128043142035,
            0.9709028719568579,
            0.0,
            0.0,
            0.0,
            0.0,
            0.0,
            0.0
        ],
        [
            0.0,
            0.0,
            0.0,
            0.04318438272687861,
            0.9568156172731213,
            0.0,
            0.0,
            0.0,
            0.0,
            0.0
        ],
        [
            0.0,
            0.0,
            0.0,
            0.0,
            0.04064829127017885,
            0.9593517087298212,
            0.0,
            0.0,
            0.0,
            0.0
        ],
        [
            0.0,
            0.0,
            0.0,
            0.0,
            0.0,
            0.037988541357982845,
            0.9620114586420171,
            0.0,
            0.0,
            0.0
        ],
        [
            0.0,
            0.0,
            0.0,
            0.0,
            0.0,
            0.0,
            0.03172245727416876,
            0.9682775427258313,
            0.0,
            0.0
        ],
        [
            0.0,
            0.0,
            0.0,
            0.0,
            0.0,
            0.0,
            0.0,
            0.11572791804709118,
            0.8842720819529089,
            0.0
        ],
        [
            0.0,
            0.0,
            0.0,
            0.0,
            0.0,
            0.0,
            0.0,
            0.0,
            0.041647979113019866,
            0.95835202088698
        ]
    ],
    "B":[
        [
            0.9886006143395941,
            9.999995579306673e-09,
            9.99999500000249e-09,
            0.0010944803621831607,
            9.99999500000249e-09,
            9.99999500000249e-09,
            9.99999500000249e-09,
            9.99999500000249e-09,
            2.1634624236718002e-08,
            9.99999500000249e-09,
            9.99999500000249e-09,
            9.99999500000249e-09,
            9.999995009709737e-09,
            9.99999500000249e-09,
            1.2682536253659606e-08,
            9.99999500000249e-09,
            9.99999500000249e-09,
            9.99999500000249e-09,
            1.0783442602282322e-08,
            9.99999500000249e-09,
            9.99999500000249e-09,
            9.99999500000249e-09,
            9.99999500000249e-09,
            9.99999500000249e-09,
            9.99999500000249e-09,
            9.99999500000249e-09,
            9.99999500000249e-09,
            9.99999500000249e-09,
            0.0027650960696475363,
            9.99999500000249e-09,
            9.99999500000249e-09,
            1.0272280759324963e-08,
            9.99999500000249e-09,
            0.001662903832293221,
            9.99999500000249e-09,
            9.99999500000249e-09,
            9.99999500000249e-09,
            0.002502119347426345,
            1.0010948576701923e-08,
            0.001718326792909428,
            9.99999500000249e-09,
            9.99999500000249e-09,
            0.0016560138723032067,
            9.99999500000249e-09,
            9.99999500000249e-09,
            9.99999500000249e-09,
            9.99999500000249e-09,
            9.99999500000249e-09,
            9.99999500000249e-09,
            9.99999500000249e-09
        ],
        [
            0.015171083699354677,
            1.0000004681899065e-08,
            9.999995000002523e-09,
            0.00047880757720608673,
            9.999995000002523e-09,
            9.999995000002523e-09,
            9.999995000002523e-09,
            9.999995000002523e-09,
            0.9800237521738389,
            9.999995000002523e-09,
            9.999995000002523e-09,
            9.999995000002523e-09,
            9.999995000002523e-09,
            9.999995000002523e-09,
            9.999995000002523e-09,
            9.999995000002523e-09,
            9.999995000002523e-09,
            9.999995000002523e-09,
            0.00032163313790020676,
            9.999995000002523e-09,
            9.999995000002523e-09,
            9.999995000002523e-09,
            9.999995000002523e-09,
            9.999995000002523e-09,
            9.999995000002523e-09,
            9.999995000002523e-09,
            9.999995000002523e-09,
            9.999995000002523e-09,
            1.0192509634370421e-08,
            9.999995000002523e-09,
            9.999995000002523e-09,
            9.999995000002523e-09,
            9.999995000002523e-09,
            0.00044594278806595,
            9.999995000002523e-09,
            9.999995000002523e-09,
            9.999995000002523e-09,
            0.002205923471665576,
            0.0004884191427855583,
            0.0004313746761366301,
            9.999995000002523e-09,
            9.999995000002523e-09,
            0.00043265314072724113,
            9.999995000002523e-09,
            9.999995000002523e-09,
            9.999995000002523e-09,
            9.999995000002523e-09,
            9.999995000002523e-09,
            9.999995000002523e-09,
            9.999995000002523e-09
        ],
        [
            0.004225138420086241,
            0.0013426407719796941,
            9.999995000002503e-09,
            0.0027284538217029392,
            9.999995000002503e-09,
            9.999995000002503e-09,
            9.999995000002503e-09,
            9.999995000002503e-09,
            1.9779158695701126e-08,
            9.999995000002503e-09,
            9.999995000002503e-09,
            9.999995000002503e-09,
            9.999995000002503e-09,
            9.999995000002503e-09,
            9.999995000002503e-09,
            9.999995000002503e-09,
            9.999995000002503e-09,
            1.0654772839154067e-08,
            0.008381906602118629,
            9.999995000002503e-09,
            9.999995000002503e-09,
            9.999995000002503e-09,
            9.999995000002503e-09,
            9.999995000002503e-09,
            9.999995000002503e-09,
            9.999995000002503e-09,
            9.999995000002503e-09,
            9.999995000002503e-09,
            9.99999515015487e-09,
            9.999995000002503e-09,
            9.999995000002503e-09,
            9.999995000002503e-09,
            9.999995000002503e-09,
            0.004189169016814136,
            9.999995000002503e-09,
            9.999995000002503e-09,
            9.999995000002503e-09,
            0.0045040465029137465,
            0.9718635015189164,
            1.0542936559154048e-08,
            9.999995000002503e-09,
            9.999995000002503e-09,
            0.0027647123687949884,
            9.999995000002503e-09,
            9.999995000002503e-09,
            9.999995000002503e-09,
            9.999995000002503e-09,
            9.999995000002503e-09,
            9.999995000002503e-09,
            9.999995000002503e-09
        ],
        [
            9.99999500000248e-09,
            1.0000006227281856e-08,
            9.99999500000248e-09,
            0.0007467691710843081,
            9.99999500000248e-09,
            9.99999500000248e-09,
            9.99999500000248e-09,
            9.99999500000248e-09,
            1.0000003735529718e-08,
            9.99999500000248e-09,
            9.99999500000248e-09,
            9.99999500000248e-09,
            9.99999500000248e-09,
            9.99999500000248e-09,
